[
  {
    "region": "日本",
    "zone": "北海道（積丹・知床など）"
  },
  {
    "region": "日本",
    "zone": "東北（宮城・岩手など）"
  },
  {
    "region": "日本",
    "zone": "伊豆半島"
  },
  {
    "region": "日本",
    "zone": "伊豆大島"
  },
  {
    "region": "日本",
    "zone": "八丈島"
  },
  {
    "region": "日本",
    "zone": "小笠原諸島"
  },
  {
    "region": "日本",
    "zone": "紀伊半島（串本など）"
  },
  {
    "region": "日本",
    "zone": "奄美大島"
  },
  {
    "region": "日本",
    "zone": "鹿児島（屋久島・種子島など）"
  },
  {
    "region": "日本",
    "zone": "沖縄本島・慶良間諸島"
  },
  {
    "region": "日本",
    "zone": "石垣島・八重山諸島"
  },
  {
    "region": "パラオ",
    "zone": "コロール中心部と周辺ダイビングエリア"
  },
  {
    "region": "パラオ",
    "zone": "ペリリュー島周辺"
  },
  {
    "region": "パラオ",
    "zone": "カヤンゲル環礁"
  },
  {
    "region": "フィリピン",
    "zone": "セブ周辺"
  },
  {
    "region": "フィリピン",
    "zone": "パラワン周辺"
  },
  {
    "region": "フィリピン",
    "zone": "ルソン島周辺"
  },
  {
    "region": "フィリピン",
    "zone": "ボホール周辺"
  },
  {
    "region": "モルディブ",
    "zone": "北マーレ環礁 (North Malé Atoll)"
  },
  {
    "region": "モルディブ",
    "zone": "南マーレ環礁 (South Malé Atoll)"
  },
  {
    "region": "モルディブ",
    "zone": "アリ環礁 (Ari Atoll)"
  },
  {
    "region": "モルディブ",
    "zone": "バア環礁 (Baa Atoll)"
  },
  {
    "region": "モルディブ",
    "zone": "アッドゥ環礁 (Addu Atoll)"
  },
  {
    "region": "バリ",
    "zone": "トゥランベン"
  },
  {
    "region": "バリ",
    "zone": "アメッド"
  },
  {
    "region": "バリ",
    "zone": "ヌサ・ペニダ"
  },
  {
    "region": "バリ",
    "zone": "メンジャンガン島"
  },
  {
    "region": "フレンチポリネシア",
    "zone": "ランギロア"
  },
  {
    "region": "フレンチポリネシア",
    "zone": "ファカラバ"
  },
  {
    "region": "フレンチポリネシア",
    "zone": "ボラボラ島"
  },
  {
    "region": "フレンチポリネシア",
    "zone": "モーレア島"
  },
  {
    "region": "メキシコ",
    "zone": "バハ・カリフォルニア・スル"
  },
  {
    "region": "メキシコ",
    "zone": "ソコロ諸島"
  },
  {
    "region": "メキシコ",
    "zone": "コスメル島"
  },
  {
    "region": "メキシコ",
    "zone": "ユカタン半島のセノーテ"
  },
  {
    "region": "カナダ",
    "zone": "ブリティッシュコロンビア州"
  },
  {
    "region": "カナダ",
    "zone": "セントローレンス川・五大湖"
  },
  {
    "region": "カナダ",
    "zone": "ニューファンドランド・ラブラドール州"
  },
  {
    "region": "カナダ",
    "zone": "ノバスコシア州"
  },
  {
    "region": "アメリカ",
    "zone": "フロリダ・キーズ"
  },
  {
    "region": "アメリカ",
    "zone": "ハワイ諸島"
  },
  {
    "region": "アメリカ",
    "zone": "カリフォルニア・チャンネル諸島"
  },
  {
    "region": "オーストラリア",
    "zone": "グレートバリアリーフ (Great Barrier Reef)"
  },
  {
    "region": "オーストラリア",
    "zone": "西オーストラリア (Western Australia)"
  },
  {
    "region": "オーストラリア",
    "zone": "南オーストラリア (South Australia)"
  },
  {
    "region": "オーストラリア",
    "zone": "ニューサウスウェールズ州 (New South Wales)"
  }
]